<?xml version="1.0"?>
<migration-dump agent-name="Plesk" dump-version="11.0" dump-format="panel" content-included="false">
  <dump-info>
    <description>Domain  backup.

Creation date: May 20, 2013 10:36 PM</description><os-description type="windows" version="Microsoft Windows NT 6.1.7601 Service Pack 1"/><host-description netbios-name="MB2D114"/><cp-description type="Plesk" version="120609.16">
      <directories vhosts="D:\Webspace\" product_data="D:\Program Files (x86)\Parallels\Plesk\" product_root="D:\Program Files (x86)\Parallels\Plesk\"/></cp-description></dump-info><domain id="46" guid="3704D8A9-338A-4FF0-8E08-43E76696D812" owner-guid="BC3CE919-F4B7-42FC-88F1-4A35BA2DCAC3" name="noithatchauhong.com" cr-date="2013-05-16" vendor-guid="F9846225-A147-47F1-B299-BF4BC3CC46B1">
    <preferences>
      <subscription locked="false">
        <plan quantity="1" plan-guid="72e1d7fa-e117-d77e-c46d-01f508db5ac2"/></subscription></preferences><properties>
      <ip>
        <ip-type>shared</ip-type><ip-address>112.78.2.114</ip-address></ip><webspace-status>
        <enabled/></webspace-status><status>
        <enabled/></status><dns-zone email="dinhnguyenchf@yahoo.com" type="master" serial-format="UNIXTIMESTAMP">
        <status>
          <enabled/></status><dns-zone-param name="ttl" unit="days" value="86400"/><dns-zone-param name="refresh" unit="hours" value="10800"/><dns-zone-param name="retry" unit="hours" value="3600"/><dns-zone-param name="expire" unit="days" value="604800"/><dns-zone-param name="minimum" unit="hours" value="10800"/><dnsrec type="NS" src="noithatchauhong.com." dst="ns.noithatchauhong.com." opt=""/><dnsrec type="A" src="ns.noithatchauhong.com." dst="112.78.2.114" opt=""/><dnsrec type="A" src="noithatchauhong.com." dst="112.78.2.114" opt=""/><dnsrec type="A" src="mssql.noithatchauhong.com." dst="112.78.2.114" opt=""/><dnsrec type="MX" src="noithatchauhong.com." dst="mail.noithatchauhong.com." opt="10"/><dnsrec type="A" src="mail.noithatchauhong.com." dst="112.78.2.114" opt=""/><dnsrec type="A" src="ipv4.noithatchauhong.com." dst="112.78.2.114" opt=""/><dnsrec type="CNAME" src="ftp.noithatchauhong.com." dst="noithatchauhong.com." opt=""/><dnsrec type="PTR" src="112.78.2.114" dst="noithatchauhong.com." opt="24"/><dnsrec type="A" src="webmail.noithatchauhong.com." dst="112.78.2.114" opt=""/><dnsrec type="CNAME" src="lists.noithatchauhong.com." dst="noithatchauhong.com." opt=""/></dns-zone></properties><limits-and-permissions>
      <limit name="overuse">block</limit><limit name="disk_space">1153433600</limit><limit name="disk_space_soft">-1</limit><limit name="expiration">-1</limit><limit name="max_box">40</limit><limit name="max_cf_dsn">-1</limit><limit name="max_db">1</limit><limit name="max_dom_aliases">20</limit><limit name="max_fpse_users">0</limit><limit name="max_maillists">100</limit><limit name="max_mn">-1</limit><limit name="max_mssql_db">4</limit><limit name="max_odbc">4</limit><limit name="max_shared_ssl_links">0</limit><limit name="max_site">4</limit><limit name="max_site_builder">1</limit><limit name="max_subdom">20</limit><limit name="max_subftp_users">20</limit><limit name="max_traffic">21474836480</limit><limit name="max_traffic_soft">-1</limit><limit name="max_unity_mobile_sites">0</limit><limit name="max_webapps">0</limit><limit name="max_wu">0</limit><limit name="mbox_quota">1153433600</limit><limit name="mssql_dbase_space">1153433600</limit><limit name="mysql_dbase_space">1153433600</limit><limit name="total_mboxes_quota">1153433600</limit><permission name="access_appcatalog" value="true"/><permission name="access_service_users" value="true"/><permission name="allow_ftp_backups" value="true"/><permission name="allow_insecure_sites" value="true"/><permission name="allow_license_stubs" value="false"/><permission name="allow_local_backups" value="true"/><permission name="create_domains" value="true"/><permission name="manage_additional_permissions" value="true"/><permission name="manage_anonftp" value="false"/><permission name="manage_crontab" value="false"/><permission name="manage_dns" value="false"/><permission name="manage_domain_aliases" value="true"/><permission name="manage_iis_app_pool" value="true"/><permission name="manage_log" value="true"/><permission name="manage_mail_settings" value="true"/><permission name="manage_maillists" value="true"/><permission name="manage_performance" value="false"/><permission name="manage_phosting" value="true"/><permission name="manage_php_settings" value="true"/><permission name="manage_protected_dirs" value="true"/><permission name="manage_quota" value="false"/><permission name="manage_sh_access" value="false"/><permission name="manage_shared_ssl" value="false"/><permission name="manage_spamfilter" value="true"/><permission name="manage_subdomains" value="true"/><permission name="manage_subftp" value="true"/><permission name="manage_virusfilter" value="true"/><permission name="manage_webapps" value="false"/><permission name="manage_website_maintenance" value="true"/><permission name="manage_webstat" value="true"/><permission name="select_db_server" value="true"/></limits-and-permissions><mailsystem>
      <properties>
        <status>
          <enabled/></status></properties><preferences>
        <catch-all>discard</catch-all><web-mail>merakwebmail</web-mail></preferences></mailsystem><maillists>
      <properties>
        <status>
          <enabled/></status></properties></maillists><traffic>2013-05-16 00:00:00 http in 369
2013-05-16 00:00:00 http out 2535
2013-05-16 00:00:00 ftp in 0
2013-05-16 00:00:00 ftp out 0
2013-05-16 00:00:00 smtp in 0
2013-05-16 00:00:00 smtp out 0
2013-05-16 00:00:00 pop3-imap out 0
2013-05-16 00:00:00 pop3-imap out 0
2013-05-17 00:00:00 http in 44756
2013-05-17 00:00:00 http out 940585
2013-05-17 00:00:00 ftp in 117021526
2013-05-17 00:00:00 ftp out 152233
2013-05-17 00:00:00 smtp in 0
2013-05-17 00:00:00 smtp out 0
2013-05-17 00:00:00 pop3-imap out 0
2013-05-17 00:00:00 pop3-imap out 0
2013-05-18 00:00:00 http in 2190912
2013-05-18 00:00:00 http out 22043763
2013-05-18 00:00:00 ftp in 69272993
2013-05-18 00:00:00 ftp out 9723
2013-05-18 00:00:00 smtp in 0
2013-05-18 00:00:00 smtp out 0
2013-05-18 00:00:00 pop3-imap out 0
2013-05-18 00:00:00 pop3-imap out 0
2013-05-19 00:00:00 http in 4304098
2013-05-19 00:00:00 http out 136097146
2013-05-19 00:00:00 ftp in 151632
2013-05-19 00:00:00 ftp out 2361310
2013-05-19 00:00:00 smtp in 0
2013-05-19 00:00:00 smtp out 0
2013-05-19 00:00:00 pop3-imap out 0
2013-05-19 00:00:00 pop3-imap out 0
</traffic><phosting guid="3704D8A9-338A-4FF0-8E08-43E76696D812_ph_46" owner-guid="3704D8A9-338A-4FF0-8E08-43E76696D812" https="false" fp="false" fpssl="false" fpauth="false" webstat="awstats" errdocs="true" www-root="httpdocs" at-domains="false" wu_script="true" iis-app-pool="true" sitebuilder-site-id="6646697a-a3d8-2f38-a0a6-aab5b9a21751" maintenance-mode="false">
      <preferences>
        <sysuser name="noithatchauhong" quota="1153433600" home="/">
          <password type="plain">ntch@123456</password><cron>PHNjaGVkdWxlIGVtYWlsPSImcXVvdDsmcXVvdDsiIGVuYWJsZT0idHJ1ZSI+PHRhc2tzIC8+PC9zY2hlZHVsZT4=</cron></sysuser><logrotation max-number-of-logfiles="1" compress="true" enabled="false">
          <logrotation-maxsize>10485760</logrotation-maxsize></logrotation><pdir name="plesk-stat" title="Domain statistics">
          <pduser name="noithatchauhong">
            <password type="plain">M9sXXRlM</password></pduser></pdir><perfomance>
          <max-connections>-1</max-connections><traffic-bandwidth>-1</traffic-bandwidth></perfomance><hotlink-protection/><web-stat stat-ttl="1"/><iis-application-pool turned-on="true">
          <iis-app-pool-cpu-usage-monitoring state="true" value="-1"/></iis-application-pool></preferences><properties>
        <ip>
          <ip-type>shared</ip-type><ip-address>112.78.2.114</ip-address></ip></properties><limits-and-permissions>
        <scripting ssi="true" ssi_html="false" php="true" php_handler_type="isapi" php_version="5" cgi="true" perl="true" asp="true" asp_dot_net="true" python="true" coldfusion="false" miva="false" fp="false" managed_runtime_version="2.0" write_modify="hosting_write_template.xml" webdeploy="false"/></limits-and-permissions><ftpusers>
        <ftpuser name="nclong">
          <sysuser name="nclong" home="/">
            <password type="plain">@bc123456</password><cron>PHNjaGVkdWxlIGVtYWlsPSImcXVvdDsmcXVvdDsiIGVuYWJsZT0idHJ1ZSI+PHRhc2tzIC8+PC9zY2hlZHVsZT4=</cron></sysuser><permission>download</permission><permission>upload</permission></ftpuser></ftpusers></phosting></domain></migration-dump>
